use  BDPersonalLocal;

insert into tbusuario (idUsuario, correo, clave) values
(1, 'jorge@gmail.com','1234'),
(2, 'leonardo@gmail.com','1234'),
(3, 'nidia@gmail.com', '1234');

select * from tbusuario;


insert into tbtipoose (idTipoOse, tipoOse) values
(1, 'Misión Diplomática'),
(2, 'Misión Consular'),
(3, 'Representación Permanente');

select * from tbtipoose;


insert into tbpais (idPais, nombrePais) values
(1, 'Alemania'),
(2, 'Arabia Saudita'),
(3, 'Argelia'),
(4, 'Argentina'),
(5, 'Australia'),
(6, 'Austria'),
(7, 'Azerbaiyán'),
(8, 'Bélgica'),
(9, 'Bolivia'),
(10, 'Brasil'),
(11, 'Canadá'),
(12, 'Chile'),
(13, 'China'),
(14, 'Colombia'),
(15, 'Corea'),
(16, 'Costa Rica'),
(17, 'Cuba'),
(18, 'Ecuador'),
(19, 'Egipto'),
(20, 'El Salvador'),
(21, 'Emiratos Árabes Unidos'),
(22, 'España'),
(23, 'Estados Unidos de América'),
(24, 'Federación Rusa'),
(25, 'Finlandia'),
(26, 'Francia'),
(27, 'Ghana'),
(28, 'Gran Bretaña'),
(29, 'Grecia'),
(30, 'Guatemala'),
(31, 'Honduras'),
(32, 'Hungría'),
(33, 'India'),
(34, 'Indonesia'),
(35, 'Irlanda'),
(36, 'Israel'),
(37, 'Italia'),
(38, 'Japón'),
(39, 'Kuwait'),
(40, 'Malasia'),
(41, 'Marruecos'),
(42, 'México'),
(43, 'Nicaragua'),
(44, 'Noruega'),
(45, 'Nueva Zelandia'),
(46, 'Países Bajos'),
(47, 'Panamá'),
(48, 'Paraguay'),
(49, 'Polonia'),
(50, 'Portugal'),
(51, 'Qatar'),
(52, 'República Checa'),
(53, 'República Dominicana'),
(54, 'Rumanía'),
(55, 'Singapur'),
(56, 'Sudáfrica'),
(57, 'Suecia'),
(58, 'Suiza'),
(59, 'Tailandia'),
(60, 'Trinidad y Tobago'),
(61, 'Turquía'),
(62, 'Uruguay'),
(63, 'Venezuela'),
(64, 'Vietnam');

select * from tbpais;


insert into tbcargo (idcargo, cargo) values
(1, 'Administrativo'),
(2, 'Contador'),
(3, 'Traductor'),
(4, 'Secretaria'),
(5, 'Personal de Servicio'),
(6, 'Chofer'),
(7, 'Asistente');

select * from tbcargo;


insert into tbose (idOSE, nombreOSE, denominacionOse, idPais, idTipoOse) values
(1, 'Embajada del Perú en la República Federal de Alemania', 'L-BERLIN', 1, 1),
(2, 'Embajada del Perú en la República democrática y Popular de Argelia', 'L-ARGEL', 3, 1),
(3, 'Embajada del Perú en la República Argentina', 'L-BAIRES', 4, 1),
(4, 'Embajada del Perú en el Reino de Arabia Saudita', 'L-RIAD', 2, 1),
(5, 'Embajada del Perú en Australia', 'L-CANBERRA', 5, 1),
(6, 'Embajada del Perú en la República de Austria', 'L-VIENA', 6, 1),
(7, 'Embajada del Perú en la República de Azerbaiyán', 'L-BAKU', 7, 1),
(8, 'Embajada del Perú en el Reino de Bélgica', 'L-BRUSELAS', 8, 1),
(9, 'Embajada del Perú en el Estado Plurinacional de Bolivia', 'L-LA PAZ', 9, 1),
(10, 'Embajada del Perú en República Federativa del Brasil', 'L-BRASILIA', 10, 1),
(11, 'Embajada del Perú en Canadá', 'L-OTTAWA', 11, 1),
(12, 'Embajada del Perú en República de Chile', 'L-SANTIAGO', 12, 1),
(13, 'Embajada del Perú en la República Popular China', 'L-PEKIN', 13, 1),
(14, 'Embajada del Perú en República de Colombia', 'L-BOGOTA', 14, 1),
(15, 'Embajada del Perú en la República de Corea', 'L-SEUL', 15, 1),
(16, 'Embajada del Perú en la República de Costa Rica', 'L-SAN JOSE', 16, 1),
(17, 'Embajada del Perú en la República de Cuba', 'L-LA HABANA', 17, 1),
(18, 'Embajada del Perú en la República del Ecuador', 'L-QUITO', 18, 1),
(19, 'Embajada del Perú en la República Árabe de Egipto', 'L-EL CAIRO', 19, 1),
(20, 'Embajada del Perú en la República de El Salvador', 'L-SAN SALVADOR', 20, 1),
(21, 'Embajada del Perú en el Reino de España', 'L-MADRID', 22, 1),
(22, 'Embajada del Perú en los Estados Unidos de América', 'L-WASHINGTON', 23, 1),
(23, 'Embajada del Perú en la Federación Rusa', 'L-MOSCU', 24, 1),
(24, 'Embajada del Perú en la República de Finlandia', 'L-HELSINKI', 25, 1),
(25, 'Embajada del Perú en la República Francesa', 'L-PARIS', 26, 1),
(26, 'Embajada del Perú en la República de Ghana', 'L-ACCRA', 27, 1),
(27, 'Embajada del Perú en el Reino Unido de Gran Bretaña e Irlanda del Norte', 'L-LONDRES', 28, 1),
(28, 'Embajada del Perú en la República Helénica', 'L-ATENAS', 29, 1),
(29, 'Embajada del Perú en la República de Guatemala', 'L-GUATEMALA', 30, 1),
(30, 'Embajada del Perú en la República de Honduras', 'L-TEGUCIGALPA', 31, 1),
(31, 'Embajada del Perú en Hungría', 'L-BUDAPEST', 32, 1),
(32, 'Embajada del Perú en República de La India', 'L-NUEVA DELHI', 33, 1),
(33, 'Embajada del Perú en la República de Indonesia', 'L-JAKARTA', 34, 1),
(34, 'Embajada del Perú en el Estado de Israel', 'L-TEL AVIV', 36, 1),
(35, 'Embajada del Perú en Irlanda', 'L-DUBLIN', 35, 1),
(36, 'Embajada del Perú en la República Italiana', 'L-ROMA', 37, 1),
(37, 'Embajada del Perú en Japón', 'L-TOKIO', 38, 1),
(38, 'Embajada del Perú en el Estado de Kuwait', 'L-KUWAIT', 39, 1),
(39, 'Embajada del Perú en Malasia', 'L-KUALA LUMPUR', 40, 1),
(40, 'Embajada del Perú en Reino de Marruecos', 'L-RABAT', 41, 1),
(41, 'Embajada del Perú en los Estados Unidos Mexicanos', 'L-MEXICO', 42, 1),
(42, 'Embajada del Perú en la República de Nicaragua', 'L-MANAGUA', 43, 1),
(43, 'Embajada del Perú en el Reino de Noruega', 'L-OSLO', 44, 1),
(44, 'Embajada del Perú en Nueva Zelandia', 'L-WELLINGTON', 45, 1),
(45, 'Embajada del Perú en el Reino de los Países Bajos', 'L-LA HAYA', 46, 1),
(46, 'Embajada del Perú en la República de Panamá', 'L-PANAMA', 47, 1),
(47, 'Embajada del Perú en la República del Paraguay', 'L-ASUNCION', 48, 1),
(48, 'Embajada del Perú en la República de Polonia', 'L-VARSOVIA', 49, 1),
(49, 'Embajada del Perú en la República Portuguesa', 'L-LISBOA', 50, 1),
(50, 'Embajada del Perú en el Estado de Qatar', 'L-DOHA', 51, 1),
(51, 'Embajada del Perú en la República Checa', 'L-PRAGA', 52, 1),
(52, 'Embajada del Perú en la República Dominicana', 'L-SANTO DOMINGO', 53, 1),
(53, 'Embajada del Perú en Rumania', 'L-BUCAREST', 54, 1),
(54, 'Embajada del Perú ante la Santa Sede', 'EMBAPERUVA', 37, 1),
(55, 'Embajada del Perú en la República de Singapur', 'L-SINGAPUR', 55, 1),
(56, 'Embajada del Perú en la República de Sudáfrica', 'L-PRETORIA', 56, 1),
(57, 'Embajada del Perú en la Confederación Suiza', 'L-BERNA', 58, 1),
(58, 'Embajada del Perú en el Reino de Suecia', 'L-ESTOCOLMO', 57, 1),
(59, 'Embajada del Perú en el Reino de Tailandia', 'L-BANGKOK', 59, 1),
(60, 'Embajada del Perú en la República de Trinidad y Tobago', 'L-PUERTO ESPAÑA', 60, 1),
(61, 'Embajada del Perú en la República de Turquía', 'L-ANKARA', 61, 1),
(62, 'Embajada del Perú en la República Oriental del Uruguay', 'L-MONTEVIDEO', 62, 1),
(63, 'Embajada del Perú en la República Bolivariana de Venezuela', 'L-CARACAS', 63, 1),
(64, 'Embajada del Perú en la República Socialista de Vietnam', 'L-HANOI', 64, 1),
(65, 'Representación Permanente del Perú ante la Organización de los Estados Americanos ', 'DELEPERU OEA', 23, 3),
(66, 'Representación Permanente del Perú ante la UNESCO', 'PERUNESCO', 26, 3),
(67, 'Representación Permanente del Perú ante la Organización de las Naciones Unidas', 'ONUPER', 23, 3),
(68, 'Representación del Perú ante la Organización de Aviación Civil Internacional', 'REPREPERUOACI', 11, 3),
(69, 'Representación Permanente del Perú ante Organización Internacional con sede en Ginebra', 'L-GINEBRA', 58, 3),
(70, 'Consulado General del Perú en Ámsterdam', 'C-AMSTERDAM', 46, 2),
(71, 'Consulado General del Perú en Arica', 'C-ARICA', 12, 2),
(72, 'Consulado del Perú en Atlanta', 'C-ATLANTA', 23, 2),
(73, 'Consulado General del Perú en Barcelona', 'C-BARCELONA', 22, 2),
(74, 'Consulado General del Perú en Bogotá', 'C-BOGOTA', 14, 2),
(75, 'Consulado General del Perú en Boston', 'C-BOSTON', 23, 2),
(76, 'Consulado General del Perú en Bruselas', 'C-BRUSELAS', 8, 2),
(77, 'Consulado General del Perú en Buenos Aires', 'C-BAIRES', 4, 2),
(78, 'Consulado General del Perú en Bilbao', 'C-BILBAO', 22, 2),
(79, 'Consulado General del Perú en Caracas', 'C-CARACAS', 63, 2),
(80, 'Consulado General del Perú en Chicago', 'C-CHICAGO', 23, 2),
(81, 'Consulado General del Perú en Cochabamba', 'C-COCHABAMBA', 9, 2),
(82, 'Consulado General del Perú en Córdoba', 'C-CORDOBA', 4, 2),
(83, 'Consulado General del Perú en Cuenca', 'C-CUENCA', 18, 2),
(84, 'Consulado General del Perú en Dallas', 'C-DALLAS', 23, 2),
(85, 'Consulado General del Perú en Denver', 'C-DENVER', 23, 2),
(86, 'Consulado General del Perú en la Cuidad de Dubái', 'C-DUBAI', 21, 2),
(87, 'Consulado General del Perú en el Alto', 'C-EL ALTO', 9, 2),
(88, 'Consulado General del Perú en Florencia', 'C-FLORENCIA', 37, 2),
(89, 'Consulado General del Perú en Frankfurt', 'C-FRANKFURT', 1, 2),
(90, 'Consulado General del Perú en Génova', 'C-GENOVA', 37, 2),
(91, 'Consulado General del Perú en Ginebra', 'C-GINEBRA', 58, 2),
(92, 'Consulado General del Perú en Guayaquil', 'C-GUAYAQUIL', 18, 2),
(93, 'Consulado General del Perú en Guangzhou', 'C-GUANGZHOU', 13, 2),
(94, 'Consulado General del Perú en Hamburgo', 'C-HAMBURGO', 1, 2),
(95, 'Consulado General del Perú en Hartford', 'C-HARTFORD', 23, 2),
(96, 'Consulado General del Perú en Hong Kong', 'C-HONG KONG', 13, 2),
(97, 'Consulado General del Perú en Houston', 'C-HOUSTON', 23, 2),
(98, 'Consulado General del Perú en Iquique', 'C-IQUIQUE', 12, 2),
(99, 'Consulado General del Perú en la Paz', 'C-LA PAZ', 9, 2),
(100, 'Consulado General del Perú en La Plata', 'C-LA PLATA', 4, 2),
(101, 'Consulado General del Perú en Leticia', 'C-LETICIA', 14, 2),
(102, 'Consulado General del Perú en Loja', 'C-LOJA', 18, 2),
(103, 'Consulado General del Perú en Londres', 'C-LONDRES', 28, 2),
(104, 'Consulado General del Perú en Los Ángeles', 'C-LOS ANGELES', 23, 2),
(105, 'Consulado General del Perú en Macara', 'C-MACARA', 18, 2),
(106, 'Consulado General del Perú en Machala', 'C-MACHALA', 18, 2),
(107, 'Consulado General del Perú en Madrid', 'C-MADRID', 22, 2),
(108, 'Consulado General del Perú en Manaos', 'C-MANAOS', 10, 2),
(109, 'Consulado General del Perú en Medellin', 'C-MEDELLIN', 14, 2),
(110, 'Consulado General del Perú en Mendoza', 'C-MENDOZA', 4, 2),
(111, 'Consulado General del Perú en México', 'C-MEXICO', 42, 2),
(112, 'Consulado General del Perú en Miami', 'C-MIAMI', 23, 2),
(113, 'Consulado General del Perú en Milán', 'C-MILAN', 37, 2),
(114, 'Consulado General del Perú en Montreal', 'C-MONTREAL', 11, 2),
(115, 'Consulado General del Perú en Nagoya', 'C-NAGOYA', 38, 2),
(116, 'Consulado General de Perú en Múnich', 'C-MUNICH', 1, 2),
(117, 'Consulado General del Perú en Nueva york', 'C-NUEVA YORK', 23, 2),
(118, 'Consulado General del Perú en Panamá', 'C-PANAMA', 47, 2),
(119, 'Consulado General del Perú en París', 'C-PARIS', 26, 2),
(120, 'Consulado General del Perú en Paterson', 'C-PATERSON', 23, 2),
(121, 'Consulado General del Perú en Puerto Ordaz', 'C-PUERTO ORDAZ', 63, 2),
(122, 'Consulado General del Perú en Quito', 'C-QUITO', 18, 2),
(123, 'Consulado General del Perú en Río Branco', 'C-RIO BRANCO', 10, 2),
(124, 'Consulado General del Perú en Río de Janeiro', 'C-RIO', 10, 2),
(125, 'Consulado General del Perú en Roma', 'C-ROMA', 37, 2),
(126, 'Consulado General del Perú en San Francisco', 'C-SAN FRANCISCO', 23, 2),
(127, 'Consulado General del Perú en San Pablo', 'C-SAN PABLO', 10, 2),
(128, 'Consulado General del Perú en Santa Cruz', 'C-SANTA CRUZ', 9, 2),
(129, 'Consulado General del Perú en Santiago', 'C-SANTIAGO', 12, 2),
(130, 'Consulado General del Perú en Sevilla ', 'C-SEVILLA', 22, 2),
(131, 'Consulado General del Perú en Shanghái', 'C-SHANGHAI', 13, 2),
(132, 'Consulado General del Perú en Sídney', 'C-SYDNEY', 5, 2),
(133, 'Consulado General del Perú en Tokio', 'C-TOKIO', 38, 2),
(134, 'Consulado General del Perú en Toronto', 'C-TORONTO', 11, 2),
(135, 'Consulado General del Perú en Turín', 'C-TURIN', 37, 2),
(136, 'Consulado General del Perú en Valencia', 'C-VALENCIA', 22, 2),
(137, 'Consulado General del Perú en Valparaíso', 'C-VALPARAISO', 12, 2),
(138, 'Consulado General del Perú en Vancouver', 'C-VANCOUVER', 11, 2),
(139, 'Consulado General del Perú en Washington', 'C-WASHINGTON', 23, 2),
(140, 'Consulado General del Perú en Zúrich', 'C-ZURICH', 58, 2);

select * from tbose;


insert into tbmoneda (idMoneda, nombreMoneda, simboloMoneda, paraAsignacion, idPais) values
(1, 'Euro', 'EUR', 'Si', 1), 
(2, 'Ryal Saudi', 'SAR', 'No', 2), 
(3, 'Dinar', 'DZD', 'No', 3), 
(4, 'Peso Argentino', 'ARS', 'No', 4), 
(5, 'Dólar Australiano', 'AUD', 'Si', 5), 
(6, 'Euro', 'EUR', 'Si', 6), 
(7, 'Manat', 'AZN', 'No', 7), 
(8, 'Euro', 'EUR', 'Si', 8), 
(9, 'Bolivianos', 'BOB', 'No', 9), 
(10, 'Real', 'BRL', 'No', 10), 
(11, 'Dólar Canadiense', 'CAD', 'Si', 11), 
(12, 'Pesos Chilenos', 'CLP', 'No', 12), 
(13, 'Remmimbi', 'CNY', 'No', 13), 
(14, 'Peso Colombiano', 'COP', 'No', 14), 
(15, 'Won', 'KRW', 'No', 15), 
(16, 'Colon Costa Rica', 'CRC', 'No', 16), 
(17, 'Peso Cubano', 'CUP', 'No', 17), 
(18, 'Dólar', 'EUR', 'Si', 18), 
(19, 'Libra Egipcia', 'EGP', 'No', 19), 
(20, 'Colon El Salvador', 'SVC', 'No', 20), 
(21, 'Dirham', 'AED', 'No', 21), 
(22, 'Euro', 'EUR', 'Si', 22), 
(23, 'Dólar Americano', 'USD', 'Si', 23), 
(24, 'Rublo', 'RUB', 'No', 24), 
(25, 'Euro', 'EUR', 'Si', 25), 
(26, 'Euro', 'EUR', 'Si', 26), 
(27, 'Cedi', 'GHS', 'No', 27), 
(28, 'Libra Esterlina', 'GBP', 'Si', 28), 
(29, 'Euro', 'EUR', 'Si', 29), 
(30, 'Quetzal', 'GTQ', 'No', 30), 
(31, 'Lempira', 'HNL', 'No', 31), 
(32, 'Forinto húngaro', 'HUF', 'No', 32), 
(33, 'Rupia India', 'INR', 'No', 33), 
(34, 'Rupia Indonesia', 'IDR', 'No', 34), 
(35, 'Euro', 'EUR', 'Si', 35), 
(36, 'Shekel', 'ILS', 'No', 36), 
(37, 'Euro', 'EUR', 'Si', 37), 
(38, 'Yen', 'JPY', 'Si', 38), 
(39, 'Dinar Kuwaiti', 'KWD', 'No', 39), 
(40, 'Ringgit', 'MYR', 'No', 40), 
(41, 'Dirham Marroqui', 'MAD', 'No', 41), 
(42, 'Peso Mexicano', 'MXN', 'No', 42), 
(43, 'Cordoba', 'NIO', 'No', 43), 
(44, 'Corona Noruega', 'NOK', 'No', 44), 
(45, 'Dólar neozelandés', 'NZD', 'No', 45), 
(46, 'Euro', 'EUR', 'Si', 46), 
(47, 'Balboa', 'PAB', 'No', 47), 
(48, 'Guarani', 'PYG', 'No', 48), 
(49, 'Złoty ', 'PLN', 'No', 49), 
(50, 'Euro', 'EUR', 'Si', 50), 
(51, 'Rial Qatari', 'QAR', 'No', 51), 
(52, 'Corona Checa', 'CZK', 'No', 52), 
(53, 'Pesos Dominicanos', 'DOP', 'No', 53), 
(54, 'Leu', 'RON', 'No', 54), 
(55, 'Dólar Singapur', 'BND', 'No', 55), 
(56, 'Rand', 'ZAR', 'No', 56), 
(57, 'Corona', 'SEK', 'No', 57), 
(58, 'Franco Suizo', 'CHF', 'Si', 58), 
(59, 'Baht', 'THB', 'No', 59), 
(60, 'Dólar de Trinidad y Tobago', 'TTD', 'No', 60), 
(61, 'Lira Turca', 'TRY', 'No', 61), 
(62, 'Peso Uruguay', 'UYU', 'No', 62), 
(63, 'Bolivar', 'VEF', 'No', 63), 
(64, 'Dong', 'VND', 'No', 64);

select * from tbmoneda;


insert into tbdescuentosyaportes (idDescuentosAportes, descuentos, aportes, idCargo) values
(1, 0.20, 0.5, 1), #Administrativo
(2, 0.15, 0.0, 2), #Contador
(3, 0.05, 0.0, 3), #Traductor
(4, 0.05, 0.1, 4), #Secretaria
(5, 0.1, 0.0, 5), #Personal de Servicio
(6, 0.0, 0.0, 6), #Chofer
(7, 0.15, 0.1, 7); #Asistente

select * from tbdescuentosyaportes;


/*
insert into tbcontrato (idContrato, tipoContrato, fechaInicio, fechaFinal, estadoContrato, sueldo, idDescuentosAportes) values
(1, 'Definido', '01-01-2017', '31-12-2017', 'Vigente', 5000.00, 1),
(),
();
*/







